leiden	n	frac_day4	umis	genes	pct_mt	pct_ribo	frac_G1	frac_G2M	frac_S	S_score	G2M_score	interferon	immediate early / stress	DNA damage / p53	SASP	myofibroblast	ECM	osteoblast	hypoxia / glycolysis	histone (replication)	UPR / ER stress	heat shock	vs_day	top_markers	hallmark_ORA
0	1989	0.001005530417295123	6537.0	2295.0	0.7312814	22.697224	0.0	1.0	0.0	-0.08065329391507062	0.5745271791365152	0.19372928853817858	-0.1989695278324566	-0.22389800355361297	-0.2811728892920004	0.6821165655117568	-0.01757742222684248	-0.13676734078401043	0.38224915312923574	-0.21538930547055027	-0.10043830301123391	-0.09970224713957528	day0	ARL6IP1, CKS2, CENPF, CCNB1, TOP2A, TPX2, ASPM, PRC1, AURKA, UBE2S, CKAP2, CENPE, DLGAP5, CALM2, UBE2C, KIF23, NUF2, KIF20B, CDCA8, CEP55	G2-M Checkpoint (1e-56); E2F Targets (2e-29); Mitotic Spindle (2e-24); Spermatogenesis (7e-07)
1	2326	0.0008598452278589854	5412.0	2043.0	0.7429944	23.383965	0.013327601031814273	0.6049011177987962	0.3817712811693895	0.0965514909252369	0.18552677568467854	0.17301016918446224	-0.061407824068615224	-0.16063883167433513	-0.23064662574209843	0.7318997031568149	0.06052019462506182	-0.13578894123859678	0.370684430273719	0.627542206788148	-0.06392722161575916	-0.14540293505862162	day0	H4C3, H1-2, H2AC14, H1-5, H1-3, H1-4, H1-1, MTHFD2, H2AC17, ATAD2, RRM2, CCN1, H3C14, H2AC12, TXNRD1, GADD45A, H3C2, HELLS, FBXO5, USP1	E2F Targets (2e-18); Epithelial Mesenchymal Transition (2e-09); G2-M Checkpoint (4e-07); mTORC1 Signaling (4e-05)
2	168	0.8452380952380952	4799.0	1863.5	0.44769123	26.601032	0.18452380952380953	0.4523809523809524	0.3630952380952381	0.02501650939410373	0.09610286828399861	0.14845877184744838	-0.022655105954755554	0.8113519460473742	-0.04738590306114583	0.4786280530904021	0.16768398052170164	-0.12535876684000535	0.036155231546787986	0.013249357113627352	-0.013971731007614653	-0.10026743868750239	day4	GADD45A, SNHG12, ZFAS1, LINC01704, MIR7-3HG, LGALS7B, PTTG1, H2AC18, CDKN3, H1-2, ATP5IF1, UBE2S, SAP18, H2BC11, PLK2, AREG, EIF5, SNHG15, H2AC8, CSRP2	p53 Pathway (7e-07); TNF-alpha Signaling via NF-kB (2e-02)
3	1483	0.0	7007.0	2330.0	0.9133347	22.632553	0.04383007417397168	0.6062036412677007	0.34996628455832773	0.031865157556624946	0.23737800872673334	0.1755362470256834	-0.03697322547529541	-0.19037369838905593	-0.20614932754111975	0.637762085962735	-0.10970715744411255	-0.12093829798027841	0.33335592186748375	0.07943153575555102	-0.09120618860949382	-0.1490941837306075	day0	TMSB4X, VIM, MALAT1, ITGB1, VAMP5, TUBA1A, ASB5, LOXL2, CRNDE, PLK2, EGR1, IGFBP3, TFPI, UGCG, TGFBI, NDUFS4, NDUFA2, AP3B1, ACTG1, LARS1	Epithelial Mesenchymal Transition (2e-06); Myogenesis (2e-04); Coagulation (3e-03); Apical Junction (2e-02)
4	1261	0.0015860428231562252	4126.0	1325.0	0.46614328	28.477123	0.1522601110229976	0.7065820777160984	0.14115781126090404	-0.05148174075911056	0.1398772786537148	0.13475321138620783	-0.21370465251168172	-0.17860062763182347	-0.25219114106663504	0.686173504428072	-0.39297207055191435	-0.21922282851858113	0.17225086990204433	0.11186014487976476	-0.23097173733803247	-0.219325629761381	day0	SEC61G, MYL6, HINT1, H2AZ1, BTF3, TXN, FTH1, FAU, NME2, SEC61B, NDUFC2, S100A10, ATP5MC2, NACA, SH3BGRL3, SNHG29, S100A6, GNG5, SEM1, POMP	Oxidative Phosphorylation (5e-19); Myc Targets V1 (6e-05); Reactive Oxygen Species Pathway (8e-03); G2-M Checkpoint (2e-02)
5	2765	0.0014466546112115732	3868.0	1522.0	0.76394194	25.374666	0.14430379746835442	0.3291139240506329	0.5265822784810127	0.057982010649084086	0.012072187367714175	0.1516046469791803	-0.11296506960700022	-0.1699614751033714	-0.21643439669370867	0.6432431165574185	0.011553516415915434	-0.13316448875524423	0.3724477699590635	-0.042545152543959026	-0.12520375373054676	-0.1621213474566136	day0	KRT8, SNHG19, MEST, SLBP, MSH6, UNG, CDCA7, MCM6, ADAMTS1, SNHG18, SNHG3, SNHG25, HOTAIRM1, WDR76	Androgen Response (2e-02); E2F Targets (2e-02)
6	213	0.0	5877.0	2097.0	0.7901391	22.69072	0.07042253521126761	0.6431924882629108	0.2863849765258216	0.0038460862340686927	0.2410247764485211	1.0321259982722397	-0.04470254529262497	-0.17742895586277957	-0.171986688309712	0.5496842310387577	0.07912513207817178	-0.11398694546817566	0.3813715285566491	0.020209691091162652	-0.13260409471965046	-0.14954400934150708	day0	ISG15, IFIT3, IFIT2, OASL, IFIT1, DDX58, HERC5, PMAIP1, PRSS23, ISG20, IFI44, SAMD9, B2M, IRF1, PLAAT4, IFITM3, FGF2, ZC3HAV1, IFI6, WARS1	Interferon Gamma Response (5e-39); Interferon Alpha Response (9e-39); Inflammatory Response (5e-06); TNF-alpha Signaling via NF-kB (7e-06)
7	865	0.9884393063583815	9649.0	2948.0	0.5445239	22.579268	0.6208092485549133	0.11907514450867052	0.26011560693641617	-0.06504369044108047	-0.09924554746670582	0.036151812333535496	-0.0017169036523455147	0.6813847674176873	-0.0024714693038909203	0.5062672980883678	0.5932351374261718	0.05461012672810921	0.08514419613690735	-0.4526739750006886	0.061525690146878684	-0.12765395824757614	day4	TMSB4X, VIM, VAMP5, ITGB1, LY96, SPARC, ASB5, KRT17, NTM, ID3, COL1A1, EVI2A, CRNDE, SC5D, SUGCT, DUSP1, CTSB, STC2, GAS1, UBE2B	Epithelial Mesenchymal Transition (2e-08); Myogenesis (9e-04); UV Response Dn (9e-04); Complement (1e-02)
8	3618	0.9994472084024323	6866.5	2305.0	0.5293488	24.895958	0.36705362078496406	0.12023217247097844	0.5127142067440575	0.01863227629540827	-0.06689545467352224	0.0978758977271741	-0.06129861215626635	0.6103358275754601	0.06866022851710075	0.587961440193998	0.7417775398529057	-9.155682072495886e-07	0.11383989008845974	-0.4494789143232978	0.005901541015860258	-0.12694770483795353	day4	POSTN, APLP2, PABPC1, COL4A1, INHBA, FN1, CLDN11, SERPINE2, LMCD1, THBS1, FBN2, RRM2, FSTL1, HSP90AA1, EEF2, FBN1, NEAT1, SUPT16H, HIF1A, CRIM1	Epithelial Mesenchymal Transition (2e-16); E2F Targets (8e-10); Angiogenesis (8e-06); Hypoxia (6e-04)
9	1030	1.0	5983.5	1797.5	0.23632658	26.473022	0.7019417475728156	0.06699029126213592	0.23106796116504855	-0.05817105671608009	-0.10998008729999162	0.08438973755054503	-0.1365094007753117	0.46707401775735097	-0.004396209841021442	0.5590213201038274	0.22025051218689196	-0.08513029297650396	0.022027410574503317	-0.4123956883386831	-0.11143952094698249	-0.1759452354026458	day4	SNHG29, SEC61G, BTF3, HINT1, MYL6, TXN, NACA, SRP14, S100A6, OSTC, NDUFC2, CAV1, TBCA, MGST3, ATP6V0E1, SEC61B, FTH1, SUB1, S100A11, ATP5MC2	Oxidative Phosphorylation (8e-17); Myc Targets V1 (9e-04); Reactive Oxygen Species Pathway (9e-04); DNA Repair (2e-02)
