sample	leiden	n_cells	top_markers
day0	5	2761	RPL21P16, RPS29, RPS27A, RPL37A, RPS27, RPS19, RPS2, RPS20, ENSG00000196656, KRT8, RPL17, RPL13A, RPL7, SLIRP, KRT18
day0	1	2324	H4C3, H1-2, H2AC14, H1-5, H1-3, H1-4, H1-1, MTHFD2, H2AC17, ATAD2, RRM2, CCN1, RPS20, H3C14, H2AC12
day0	0	1987	ARL6IP1, CKS2, CENPF, CCNB1, TOP2A, TPX2, ASPM, PRC1, AURKA, UBE2S, CKAP2, CENPE, DLGAP5, CALM2, UBE2C
day0	3	1483	TMSB4X, novelGene_MT-RNR2_AS, VIM, MT-CO3_MT-RNR1, MALAT1, ITGB1, VAMP5, MALAT1_NEAT1, TUBA1A, ASB5, LOXL2, ANXA2, CRNDE, PLK2, MT-RNR1
day0	4	1259	MDS2_RPL11, RPS13, RPS15A, RPL39, RPL32, RPL35A, RNASEH1-AS1_RPS7, RPL30, ENSG00000196656, RPS24, RPS8, RPL12, RPS3A, SEC61G, MYL6
day0	6	213	ISG15, IFIT3, IFIT2, OASL, IFIT1, DDX58, HERC5, PMAIP1, PRSS23, ISG20, IFI44, SAMD9, B2M, IRF1, PLAAT4
day4	8	3616	POSTN, RPS20, RPL13A, APLP2, PABPC1, COL4A1, INHBA, RPL27A, RPS2, RPS29, RPL21P16, FN1, RPL41_RPS26, RPL37A, RPS17
day4	9	1030	MDS2_RPL11, RPL39, SNHG29, RPS13, SEC61G, BTF3, RPL12, RPS24, HINT1, MYL6, TXN, RPS27A, RPL30, RPS27L, NACA
day4	7	855	TMSB4X, VIM, VAMP5, ITGB1, LY96, SPARC, ASB5, KRT17, NTM, AJM1_PHPT1, ID3, COL1A1, EVI2A, MT-CO3_MT-RNR1, CRNDE
day4	2	142	GADD45A, SNHG12, ZFAS1, LINC01704, ENSG00000289609, novelGene_HERC6_AS, MIR7-3HG, LGALS7B, PTTG1, H2AC18, CDKN3, H1-2, ATP5IF1, RPS12, novelGene_LINC02840_AS
