event	event_id	sample	inclusion_reads	total_reads	PSI	frac_cells_covered
RPS24 alt exon inclusion	PB.190333;SE:chr10:78037304-78040204:78040225-78040615:+	day0	74463.0	322673.0	0.23076923	0.9998012916045703
RPS24 alt exon inclusion	PB.190333;SE:chr10:78037304-78040204:78040225-78040615:+	day4	269409.0	280826.0	0.9593449	1.0
CIRBP distal last exon	CIRBP|tes9	day0	1164.0	7743.0	0.15032934	0.48971684053651265
CIRBP distal last exon	CIRBP|tes9	day4	2053.0	4018.0	0.51095074	0.44684238457456216
CIRBP 3' intron retention	PB.275388;RI:chr19:1274307:1274440-1274649:1274807:+	day0	61.0	104.0	0.58653843	0.010134128166915052
CIRBP 3' intron retention	PB.275388;RI:chr19:1274307:1274440-1274649:1274807:+	day4	104.0	115.0	0.90434784	0.019989386166637185
H1-2 polyadenylated 3' end	H1-2|tes1	day0	3043.0	12092.0	0.251654	0.4826626924987581
H1-2 polyadenylated 3' end	H1-2|tes1	day4	1489.0	2264.0	0.6576855	0.20926941447019282
H2AC6 proximal 3' end	H2AC6|tes0	day0	696.0	1209.0	0.5756824	0.0877297565822156
H2AC6 proximal 3' end	H2AC6|tes0	day4	143.0	1403.0	0.10192445	0.1305501503626393
TPM2 exon 6a vs 6b	PB.172564;MX:chr9:35684550-35684732:35684807-35685269:35684550-35685064:35685139-35685269:-	day0	22928.0	49488.0	0.46330422	0.953204172876304
TPM2 exon 6a vs 6b	PB.172564;MX:chr9:35684550-35684732:35684807-35685269:35684550-35685064:35685139-35685269:-	day4	2240.0	25713.0	0.08711547	0.9297718025826994
TPM1 alt first exon	PB.249466;AF:chr15:63042481:63042943-63056985:63048209:63048707-63056985:+	day0	680.0	2818.0	0.24130589	0.22225534028812718
TPM1 alt first exon	PB.249466;AF:chr15:63042481:63042943-63056985:63048209:63048707-63056985:+	day4	50.0	1512.0	0.033068784	0.21192287281089686
CALD1 alt first exon	PB.151068;AF:chr7:134646856:134646937-134843884:134779603:134779749-134843884:+	day0	2718.0	6137.0	0.4428874	0.38877297565822155
CALD1 alt first exon	PB.151068;AF:chr7:134646856:134646937-134843884:134779603:134779749-134843884:+	day4	1692.0	5245.0	0.32259294	0.5122943569785955
HNRNPDL exon inclusion	PB.81987;SE:chr4:82424883-82425563:82425667-82426037:-	day0	783.0	12722.0	0.061546925	0.6283159463487332
HNRNPDL exon inclusion	PB.81987;SE:chr4:82424883-82425563:82425667-82426037:-	day4	1546.0	4422.0	0.34961554	0.4740845568724571
SRSF5 alt 5' splice site	PB.241751;A5:chr14:69767380-69768138:69767251-69768138:+	day0	650.0	4170.0	0.1558753	0.3068057625434675
SRSF5 alt 5' splice site	PB.241751;A5:chr14:69767380-69768138:69767251-69768138:+	day4	1630.0	3564.0	0.4573513	0.4270298956306386
SRSF2 poison exon	PB.266522;SE:chr17:76735158-76735772:76735875-76736154:-	day0	226.0	15719.0	0.014377505	0.6762046696472926
SRSF2 poison exon	PB.266522;SE:chr17:76735158-76735772:76735875-76736154:-	day4	336.0	4306.0	0.07803065	0.44984963736069344
SRSF7 intron retention	PB.28044;RI:chr2:38746694:38746747-38748056:38748157:-	day0	33.0	1017.0	0.032448377	0.0936910084451068
SRSF7 intron retention	PB.28044;RI:chr2:38746694:38746747-38748056:38748157:-	day4	24.0	151.0	0.1589404	0.026357686184326906
