panel	gene	pb_log2FC	pvals_adj	cpm_day0	cpm_day4	pct_day0	pct_day4
osteoblast	RUNX2	0.6610296	7.260203820037766e-35	9.604901	15.76858	0.05295578738201728	0.10861489474615393
osteoblast	ALPL	3.4907265	0.0	1.4687908	26.752214	0.00804769001490313	0.16858305324606662
osteoblast	COL1A1	0.8209276	4.1026407821605716e-179	317.9189	562.3837	0.6612021857923707	0.8245179550681322
osteoblast	COL1A2	2.052668	0.0	42.74346	180.47957	0.18340784898161286	0.5993277905536755
osteoblast	SPP1	3.5783672	0.0	2.5249999	41.107063	0.013611525086934972	0.1967097116575301
osteoblast	BGLAP	1.8639374	1.9196687286865783e-47	0.16503267	3.2407155	0.0007948335817188276	0.023881125066336446
osteoblast	SPARC	0.3268957	1.8142177161389272e-44	993.41406	1246.3052	0.9156482861402192	0.9527684415355172
osteoblast	POSTN	1.971941	0.0	209.54198	824.9469	0.4232488822652377	0.827525207854264
osteoblast	TNFRSF11B	0.6918049	1.0313022732208226e-26	7.1459146	12.15812	0.03566815697963263	0.07571201132142308
osteoblast	MGP	0.9095488	1.4254729695705526e-10	0.52810454	1.87048	0.002185792349726776	0.009906244471961785
proliferation	MKI67	-1.5496736	1.9540297727447985e-133	110.489365	37.08335	0.3853949329358835	0.22094463116929422
proliferation	TOP2A	-1.775806	3.5230891722301295e-228	635.26025	184.80777	0.6836562344759372	0.6032195294533754
proliferation	CCNB1	-2.8856235	0.0	351.6516	46.7185	0.5956284153005393	0.26605342296126144
proliferation	PCNA	0.92566156	0.0	189.87009	361.5681	0.5452558370590871	0.834777993985523
proliferation	MCM2	-0.6498184	4.075202159325702e-07	46.159634	29.057688	0.2188772975658109	0.20007075888908862
proliferation	E2F1	-0.6599258	0.026492204747719676	2.607516	1.2832361	0.014803775459513224	0.010260038917388992
heat shock	HSPA1A	-0.019100785	0.043603641273191295	1.9968952	1.9574791	0.011227024341778469	0.015390058376083487
heat shock	HSPA1B	-0.43561983	0.0006812566725230934	44.888885	32.929146	0.20178837555885834	0.18733415885370894
heat shock	HSPH1	0.26876163	1.7999129604089306e-42	118.889534	143.43971	0.43189269746642883	0.5775694321598984
heat shock	DNAJB1	-0.019782543	2.4850955850580893e-09	78.2915	77.21168	0.32727272727270185	0.41429329559524064
heat shock	HSP90AA1	-0.11036301	2.5943116913946805e-09	876.0759	811.4838	0.9422752111278113	0.9655050415708989
heat shock	HSPB1	0.85796356	0.0	344.0601	624.41406	0.8048683556881102	0.957721563771499
cold shock	RBM3	-3.6933165	0.0	771.87427	58.74612	0.9347242921014792	0.33751990093754736
cold shock	CIRBP	-0.54447603	7.889060064220978e-34	133.21437	91.02277	0.5024341778439669	0.4602865735007712
p53 targets	CDKN1A	3.5689769	0.0	152.6057	1821.9563	0.2586189766517471	0.9874402971873896
p53 targets	MDM2	3.0642257	0.0	51.63872	439.28003	0.14287133631395796	0.8326552273129594
p53 targets	GDF15	5.253877	0.0	18.648693	748.7357	0.04580228514654777	0.9126127719795222
p53 targets	BAX	1.9232574	0.0	126.415016	482.25757	0.485345255837013	0.9257031664603311
p53 targets	TP53I3	3.6376805	0.0	13.252124	176.39061	0.06964729259811281	0.6350610295418296
p53 targets	SESN1	2.603687	2.2519502197655657e-282	3.6802285	27.448206	0.020069547938400503	0.18167344772687352
