sample	filter	structural_category	subcategory	len
day0	LowCoverage/Non-Canonical	novel_not_in_catalog	at_least_one_novel_splicesite	4350178
day0	LowCoverage/Non-Canonical	fusion	intron_retention	18789
day4	pass	full-splice_match	mono-exon	1433231
day0	LowCoverage/Non-Canonical	novel_in_catalog	intron_retention	129
day4	LowCoverage/Non-Canonical	incomplete-splice_match	3prime_fragment	1161
day0	pass	novel_in_catalog	intron_retention	437762
day4	pass	full-splice_match	alternative_3end	5261945
day0	LowCoverage/Non-Canonical	incomplete-splice_match	mono-exon	2076832
day0	IntraPriming	incomplete-splice_match	5prime_fragment	1787642
day4	IntraPriming	genic_intron	mono-exon	5397
day0	IntraPriming	antisense	mono-exon	1065457
day0	IntraPriming	fusion	multi-exon	74084
day4	IntraPriming	antisense	multi-exon	835678
day0	RTSwitching	incomplete-splice_match	intron_retention	3502
day4	LowCoverage/Non-Canonical	antisense	multi-exon	119591
day4	LowCoverage/Non-Canonical	novel_not_in_catalog	intron_retention	229071
day0	LowCoverage/Non-Canonical	incomplete-splice_match	intron_retention	78
day0	IntraPriming	incomplete-splice_match	intron_retention	46596
day0	pass	novel_not_in_catalog	at_least_one_novel_splicesite	8115990
day0	pass	antisense	multi-exon	150368
day0	RTSwitching	intergenic	multi-exon	123189
day4	pass	antisense	multi-exon	105551
day4	LowCoverage/Non-Canonical	novel_in_catalog	combination_of_known_splicesites	3701
day4	IntraPriming	novel_not_in_catalog	intron_retention	40343
day4	IntraPriming	incomplete-splice_match	mono-exon	297977
day4	RTSwitching	novel_not_in_catalog	intron_retention	49248
day4	pass	novel_in_catalog	combination_of_known_splicesites	589862
day4	IntraPriming	novel_not_in_catalog	at_least_one_novel_splicesite	851641
day4	IntraPriming	incomplete-splice_match	5prime_fragment	1141830
day0	pass	incomplete-splice_match	3prime_fragment	1819372
day0	IntraPriming	moreJunctions	intron_retention	7
day4	RTSwitching	novel_not_in_catalog	at_least_one_novel_splicesite	1267097
day0	IntraPriming	novel_in_catalog	intron_retention	40972
day4	LowCoverage/Non-Canonical	novel_in_catalog	combination_of_known_junctions	3054
day4	pass	novel_not_in_catalog	intron_retention	176379
day0	pass	moreJunctions	no_subcategory	6035
day4	RTSwitching	fusion	intron_retention	2988
day4	IntraPriming	novel_in_catalog	intron_retention	27307
day4	RTSwitching	novel_in_catalog	intron_retention	2277
day4	IntraPriming	intergenic	mono-exon	7594788
day4	IntraPriming	fusion	multi-exon	36576
day4	pass	incomplete-splice_match	5prime_fragment	3374906
day0	pass	incomplete-splice_match	internal_fragment	412592
day0	pass	incomplete-splice_match	intron_retention	218780
day0	IntraPriming	incomplete-splice_match	mono-exon	362159
day0	RTSwitching	fusion	multi-exon	806667
day4	LowCoverage/Non-Canonical	novel_not_in_catalog	at_least_one_novel_splicesite	3406310
day0	LowCoverage/Non-Canonical	incomplete-splice_match	internal_fragment	975
day4	IntraPriming	full-splice_match	alternative_3end5end	469235
day4	RTSwitching	moreJunctions	no_subcategory	19
day4	RTSwitching	incomplete-splice_match	3prime_fragment	89434
day0	LowCoverage/Non-Canonical	intergenic	multi-exon	292923
day0	IntraPriming	novel_not_in_catalog	at_least_one_novel_splicesite	1162062
day0	RTSwitching	antisense	multi-exon	43468
day4	pass	incomplete-splice_match	3prime_fragment	1392210
day4	IntraPriming	incomplete-splice_match	3prime_fragment	138707
day4	pass	genic	multi-exon	254564
day4	IntraPriming	full-splice_match	mono-exon	191390
day4	pass	moreJunctions	no_subcategory	3276
day4	IntraPriming	fusion	intron_retention	171497
day0	RTSwitching	novel_not_in_catalog	intron_retention	55117
day4	IntraPriming	moreJunctions	intron_retention	2
day0	pass	full-splice_match	alternative_3end5end	12206584
day4	pass	fusion	multi-exon	1818484
day4	RTSwitching	incomplete-splice_match	5prime_fragment	12299
day0	IntraPriming	full-splice_match	alternative_3end	320061
day0	pass	intergenic	multi-exon	149045
day4	pass	moreJunctions	intron_retention	723
day0	LowCoverage/Non-Canonical	antisense	multi-exon	147162
day0	IntraPriming	novel_in_catalog	combination_of_known_splicesites	98440
day4	LowCoverage/Non-Canonical	fusion	intron_retention	12170
day0	pass	full-splice_match	reference_match	2917508
day4	IntraPriming	moreJunctions	no_subcategory	36
day4	IntraPriming	incomplete-splice_match	internal_fragment	153306
day4	LowCoverage/Non-Canonical	novel_in_catalog	intron_retention	318
day4	IntraPriming	novel_in_catalog	combination_of_known_junctions	58562
day4	RTSwitching	intergenic	multi-exon	99078
day4	LowCoverage/Non-Canonical	fusion	multi-exon	529685
day0	IntraPriming	novel_in_catalog	combination_of_known_junctions	84155
day0	RTSwitching	incomplete-splice_match	internal_fragment	5283
day4	IntraPriming	intergenic	multi-exon	986048
day0	IntraPriming	moreJunctions	no_subcategory	52
day0	RTSwitching	genic	multi-exon	145542
day0	RTSwitching	novel_in_catalog	combination_of_known_junctions	91248
day0	IntraPriming	fusion	intron_retention	149164
day0	LowCoverage/Non-Canonical	fusion	multi-exon	685627
day4	IntraPriming	antisense	mono-exon	1065645
day0	pass	full-splice_match	alternative_3end	6630254
day0	pass	incomplete-splice_match	5prime_fragment	5186718
day0	RTSwitching	incomplete-splice_match	3prime_fragment	129063
day4	LowCoverage/Non-Canonical	genic	multi-exon	792844
day0	RTSwitching	moreJunctions	no_subcategory	20
day0	IntraPriming	genic	mono-exon	1510704
day4	pass	fusion	intron_retention	66135
day0	RTSwitching	fusion	intron_retention	3467
day0	IntraPriming	incomplete-splice_match	internal_fragment	228532
day0	pass	fusion	intron_retention	67492
day0	pass	novel_in_catalog	combination_of_known_splicesites	886110
day4	IntraPriming	genic	mono-exon	1279065
day4	LowCoverage/Non-Canonical	incomplete-splice_match	intron_retention	19
day0	pass	full-splice_match	mono-exon	1964199
day0	IntraPriming	intergenic	multi-exon	1377826
day4	RTSwitching	novel_in_catalog	combination_of_known_junctions	147105
day4	pass	incomplete-splice_match	intron_retention	182988
day0	IntraPriming	novel_not_in_catalog	intron_retention	49997
day4	LowCoverage/Non-Canonical	incomplete-splice_match	5prime_fragment	2431
day4	pass	novel_in_catalog	intron_retention	323398
day0				113281
day4	pass	incomplete-splice_match	internal_fragment	278291
day4	RTSwitching	novel_in_catalog	combination_of_known_splicesites	12278
day4	LowCoverage/Non-Canonical	incomplete-splice_match	internal_fragment	564
day4	LowCoverage/Non-Canonical	genic_intron	mono-exon	4340
day0	pass	genic	multi-exon	363124
day4	IntraPriming	genic	multi-exon	231706
day0	pass	novel_not_in_catalog	intron_retention	251689
day4	RTSwitching	antisense	multi-exon	39466
day0	IntraPriming	genic	multi-exon	278621
day4	pass	full-splice_match	alternative_5end	12348061
day4	LowCoverage/Non-Canonical	intergenic	mono-exon	4298518
day4	LowCoverage/Non-Canonical	moreJunctions	no_subcategory	40
day4	IntraPriming	full-splice_match	alternative_3end	244897
day0	RTSwitching	novel_in_catalog	intron_retention	4863
day0	LowCoverage/Non-Canonical	novel_in_catalog	combination_of_known_junctions	4821
day0	IntraPriming	full-splice_match	alternative_3end5end	637685
day0	LowCoverage/Non-Canonical	incomplete-splice_match	5prime_fragment	3845
day0	LowCoverage/Non-Canonical	antisense	mono-exon	538317
day0	LowCoverage/Non-Canonical	genic	mono-exon	1916745
day0	IntraPriming	genic_intron	mono-exon	7725
day4	LowCoverage/Non-Canonical	intergenic	multi-exon	231606
day0	pass	fusion	multi-exon	2422375
day0	RTSwitching	novel_in_catalog	combination_of_known_splicesites	18903
day4				93949
day0	pass	full-splice_match	alternative_5end	15762966
day4	IntraPriming	incomplete-splice_match	intron_retention	34072
day0	IntraPriming	incomplete-splice_match	3prime_fragment	192741
day0	RTSwitching	novel_not_in_catalog	at_least_one_novel_splicesite	1727514
day0	LowCoverage/Non-Canonical	genic	multi-exon	1344160
day0	RTSwitching	incomplete-splice_match	5prime_fragment	19819
day4	LowCoverage/Non-Canonical	antisense	mono-exon	533726
day4	RTSwitching	incomplete-splice_match	internal_fragment	3875
day0	LowCoverage/Non-Canonical	intergenic	mono-exon	4741906
day0	LowCoverage/Non-Canonical	incomplete-splice_match	3prime_fragment	1941
day4	RTSwitching	genic	multi-exon	108901
day0	IntraPriming	antisense	multi-exon	898272
day4	pass	full-splice_match	alternative_3end5end	9675918
day0	LowCoverage/Non-Canonical	genic_intron	mono-exon	6259
day0	LowCoverage/Non-Canonical	novel_not_in_catalog	intron_retention	305414
day0	LowCoverage/Non-Canonical	novel_in_catalog	combination_of_known_splicesites	7176
day4	pass	novel_in_catalog	combination_of_known_junctions	539938
day0	IntraPriming	full-splice_match	mono-exon	267910
day0	pass	moreJunctions	intron_retention	1525
day0	IntraPriming	intergenic	mono-exon	8139841
day0	LowCoverage/Non-Canonical	genic_intron	multi-exon	1
day0	LowCoverage/Non-Canonical	moreJunctions	no_subcategory	45
day4	LowCoverage/Non-Canonical	incomplete-splice_match	mono-exon	1796115
day4	LowCoverage/Non-Canonical	genic	mono-exon	1542608
day4	RTSwitching	incomplete-splice_match	intron_retention	2804
day4	pass	novel_not_in_catalog	at_least_one_novel_splicesite	6048293
day4	RTSwitching	fusion	multi-exon	533872
day4	pass	intergenic	multi-exon	131557
day4	pass	full-splice_match	reference_match	2061508
day0	pass	novel_in_catalog	combination_of_known_junctions	713702
day4	IntraPriming	novel_in_catalog	combination_of_known_splicesites	65842
